repo_name,suggested_role,priority_phase,notes
lippytmai.getbizfunds.com-,front_door,1,public-facing routing and relationship hub
lippytm.ai,brand,2,umbrella brand and architecture layer
MyClaw.lippytm.AI-,workflow,3,workflow and automation support candidate
OpenClaw-lippytm.AI-,innovation,7,prototype and concept exploration candidate
BotBuilders-related,product,4,productized chatbot and implementation layer placeholder
Chatlippytm.ai.Bots,product,4,chatbot-oriented product or capability repo
Clawlippytm.ai.Bots,product,4,bot capability and product-oriented repo
lippytm-lippytm.ai-tower-control-ai,control_tower,6,orchestration and fleet visibility candidate
The-Encyclopedia-of-Everything-Applied-ChatAIBots,knowledge,5,knowledge and prompt-rich repo candidate
AI-Autonomous-Systems-for-all-of-my-lippytm.ai-Repositories-Research-and-Development-integration-,knowledge,5,shared systems and integration guidance candidate
AI-Full-Stack-AI-DevOps-Synthetic-Intelligence-Engines-AgentsBots-Web3-Websites-,workflow,3,workflow and implementation systems candidate
AI-Intergalactic-Zoological-Social-Multimedia-Agency-Networks-,innovation,7,creative and experiment-oriented candidate
Evolutionary-Evolutions-Social-Multimedia-Networks-Agency-,innovation,7,creative exploration and expansion candidate
Factory.ai,product,4,product or capability layer candidate
Web3AI,product,4,product and implementation candidate
Time-Machines-Builders-,innovation,7,experimental concept repo candidate
Transparency-Logic-Time-Machine-Bots-,innovation,7,experimental concept repo candidate
